{
	"username" : "iremnurkerem",
	"password" : "MIC0LgZrcC",
	"proxy" : "http://mass19:ui2Ki3Ooph@194.183.168.4:29919",
	"speed_value" : "0",
	"targets" : "ninja",
	"fresh_stories_range" : 5,
	"is_poll_vote_active" : true,
	"is_slider_points_active" : true,
	"is_questions_answers_active" : false,
	"is_quiz_answers_active" : true,
	"is_mass_story_vivew_active": false,
	"questions_answers" : [
		"hi",
		"hello",
		"are you there?",
		"😍",
		"🥰",
		"🤩",
		"😎",
		"😄",
		"😅",
		"😂"
	],
	"slider_points_range" : [
		75,
		100
	]



}